ts_code,name,momentum,current_price,short_ma,long_ma,rsi,pullback,volatility
301232.SZ,飞沃科技,0.4961905371662718,233.69,210.97750000000002,193.82083333333333,60.004555289830314,-0.05770161290322581,0.09419823598600764
301018.SZ,申菱环境,0.4903898956617243,135.7,121.23949999999999,102.04150000000001,62.99476439790573,-0.01666666666666675,0.07138054324269158
688519.SH,南亚新材,0.48474768781437594,183.01,159.71200000000002,131.2805,61.07486453610528,-0.08362125081367992,0.10976994468315614
002957.SZ,科瑞技术,0.4790986283474852,45.29,43.895500000000006,33.097500000000004,60.01188354129529,-0.12143549951503392,0.08592935691944731
300870.SZ,欧陆通,0.47402696904688923,384.78,357.5455,289.4938333333333,61.33346254482023,-0.0943795895311618,0.09858014157714531
603890.SH,春秋电子,0.4687953555878084,20.24,18.4935,15.807666666666668,62.64462809917356,-0.026923076923077032,0.08709150774872057
688667.SH,菱电电控,0.4455968145198632,156.11,142.19850000000002,109.78216666666665,64.57883369330452,-0.04613222534522781,0.10066190521312694
300243.SZ,瑞丰高材,0.4431279620853079,18.27,16.735999999999997,14.147333333333334,62.84722222222223,-0.10000000000000005,0.10496120616208846
600103.SH,青山纸业,0.4356725146198832,4.91,4.4985,3.9425000000000003,64.28571428571428,-0.14160839160839156,0.11681004003309921
603777.SH,来伊份,0.431924882629108,18.3,16.435,14.276666666666666,62.97376093294462,-0.05377456049638051,0.07120157675600569
301358.SZ,湖南裕能,0.41805191017789456,97.25,88.123,76.35783333333333,64.41901408450704,-0.1159090909090909,0.12756067867490006
300058.SZ,蓝色光标,0.39790575916230386,18.69,17.6685,17.0005,60.66037735849058,-0.09666505558240696,0.06080557212207071
301265.SZ,华新科技,0.39751552795031064,27.0,25.09,20.451666666666668,62.50000000000001,-0.0996998999666555,0.08379163166502068
301517.SZ,陕西华达,0.3965973534971645,73.88,68.1265,62.440000000000005,60.04794246903715,-0.024042272126816477,0.06914274781072235
002361.SZ,神剑股份,0.39135959339263016,21.9,19.9095,15.6005,63.95348837209302,-0.08559498956158668,0.11705235849150977
300051.SZ,琏升科技,0.39034716342083,16.42,15.812999999999999,12.377333333333333,52.92259083728279,-0.1256656017039403,0.11258264382847936
000026.SZ,飞亚达,0.3819444444444444,19.9,17.46,15.775,64.68926553672316,-0.014851485148514887,0.08011369915377846
688525.SH,佰维存储,0.3811878833991156,290.45,270.1475,222.87783333333334,51.8636296405857,-0.08677880836346494,0.07889554531859964
002418.SZ,康盛股份,0.3810572687224669,6.27,5.9955,5.160333333333333,57.90554414784393,-0.11938202247191018,0.07901160016142429
301235.SZ,华康洁净,0.37780373831775704,58.97,52.20700000000001,50.3405,63.81981981981983,-0.04113821138211384,0.06312704348957782
688418.SH,震有科技,0.3756345177664975,54.2,46.5205,42.92,63.79038613081166,-0.005139500734214281,0.08047277779599335
300857.SZ,协创数据,0.36778846153846145,284.5,267.019,242.76116666666667,51.15405585509177,-0.11645962732919254,0.11991131719299368
300480.SZ,光力科技,0.3637691745799856,37.34,34.568,30.2435,63.80424746075715,-0.032141005702436366,0.056457779305144534
002565.SZ,顺灏股份,0.35789473684210527,20.64,18.8975,16.782333333333334,63.14847942754919,-0.10221835580687247,0.08669168159075788
002962.SZ,五方光电,0.35187969924812035,17.98,16.8485,15.567166666666667,59.80066445182722,-0.06354166666666661,0.05775444900848764
300322.SZ,硕贝德,0.3513513513513513,32.0,30.039500000000004,27.503333333333334,61.82965299684543,-0.03846153846153849,0.06624866032025661
688309.SH,恒誉环保,0.34911242603550297,79.8,70.91400000000002,55.475,60.13054120206691,-0.0254030288226673,0.06633058543169386
688282.SH,理工导航,0.34733893557422957,96.2,83.35749999999999,76.43883333333333,62.059905412506566,-0.03790379037903783,0.07709359042101079
000977.SZ,浪潮信息,0.34316824727783635,76.48,70.66499999999999,63.76716666666666,64.48170731707319,-0.037866398289092856,0.04983905388121131
688630.SH,芯碁微装,0.34286750608839833,259.16,251.50650000000002,204.68233333333333,60.82825385442812,-0.060503897045495726,0.04843861554787623
002824.SZ,和胜股份,0.33990147783251223,27.2,26.8505,22.912166666666668,40.081967213114744,-0.1454602576185988,0.08315444427349854
002023.SZ,海特高新,0.33703329969727536,13.25,12.3165,11.6455,55.92841163310961,-0.024300441826215026,0.07405619095211316
301317.SZ,鑫磊股份,0.3368157124947764,63.98,59.8245,53.38033333333333,50.376254180602004,-0.051445515196441895,0.055386785593141294
603175.SH,超颖电子,0.33473462953231725,101.6,93.96549999999999,83.239,62.95109972240017,-0.037514209928003105,0.06079396301577533
688603.SH,天承科技,0.3339498018494056,100.98,94.03,84.17016666666667,52.378144654088054,-0.04825636192271433,0.05327994608617051
688337.SH,普源精电,0.3322303110522833,60.39,59.994499999999995,48.629999999999995,59.034218100415735,-0.1367924528301886,0.0750902380238457
000960.SZ,锡业股份,0.33014196104324856,40.29,36.257,36.25633333333334,64.94944631680309,-0.02398255813953493,0.07116678006739169
688450.SH,光格科技,0.32947976878612706,46.0,43.4885,36.23833333333334,64.79289940828403,-0.06313645621181266,0.082800279348786
000402.SZ,金融街,0.3292682926829269,3.27,2.8765,2.774166666666667,64.02877697841727,-0.06303724928366768,0.09445702287844167
688163.SH,赛伦生物,0.32686781609195403,36.94,35.0195,28.43183333333333,60.90808416389812,-0.13082352941176476,0.10070215718757497
600345.SH,长江通信,0.32678983833718256,57.45,51.62949999999999,44.63366666666666,64.78178368121442,0.0,0.05177815042998117
300821.SZ,东岳硅材,0.32437275985663083,14.78,14.4745,13.1705,61.51079136690646,-0.07509386733416777,0.04922303420146629
301123.SZ,奕东电子,0.3239622641509434,70.17,65.888,59.90316666666667,63.20054017555705,-0.01598653765250316,0.04369923789153578
600184.SH,光电股份,0.32266666666666666,24.8,22.488000000000003,19.3135,64.94367130550033,-0.06731854080481381,0.08676344010862735
601133.SH,柏诚股份,0.31827515400410666,25.68,24.029500000000002,19.6295,48.896631823461085,-0.03820224719101122,0.04598318087806817
301391.SZ,卡莱特,0.3181395348837208,85.02,79.2995,75.34883333333333,53.17479191438764,-0.042567567567567584,0.05918668043212787
301205.SZ,联特科技,0.31778641495465476,284.8,262.216,228.04683333333335,57.420609202851594,-0.05907228756442446,0.06817239614993617
688662.SH,富信科技,0.31421143847487,75.83,68.1885,61.82066666666666,61.85659698808721,-0.023438506117192625,0.06094327700997399
688403.SH,汇成股份,0.31290555155010824,18.21,16.6755,16.609166666666667,62.55144032921811,-0.029834842834310003,0.05227671702327722
920171.BJ,志晟信息,0.31276213301378064,21.91,21.1995,20.580000000000002,56.87732342007434,-0.14246575342465756,0.04131117229547912
603826.SH,坤彩科技,0.3100038037276531,34.44,32.676,25.854499999999998,63.315003927729755,-0.07169811320754726,0.0923225376120202
603269.SH,海鸥股份,0.3047177107501935,16.87,15.302000000000001,14.511166666666666,60.86065573770494,-0.02372685185185186,0.057894708557099626
001287.SZ,中电港,0.3039568345323742,29.0,27.142500000000002,24.856333333333335,58.797814207650276,-0.03814262023217242,0.04127700825115189
300959.SZ,线上线下,0.30320980851356927,94.6,89.1125,85.44416666666666,64.1157256182921,-0.10084592719323258,0.08678231341779671
300900.SZ,广联航空,0.301535974130962,48.3,43.473,39.868833333333335,63.26923076923077,-0.0711538461538462,0.0885734065618753
688172.SH,燕东微,0.30110192837465566,47.23,41.303,41.12816666666666,62.621722846441926,-0.04739814441306982,0.06565937119679963
600605.SH,汇通能源,0.3010262257696692,34.23,30.71,28.958666666666666,58.45195729537366,-0.024786324786324913,0.07014335958768173
301186.SZ,超达装备,0.3008488964346352,76.62,68.098,57.264166666666675,63.6610002463661,-0.05407407407407402,0.08917943796580478
300617.SZ,安靠智电,0.3002373417721518,65.74,61.2675,58.25266666666667,62.607718246534276,-0.05816618911174789,0.04742192866963464
001896.SZ,豫能控股,0.2992874109263657,16.41,16.063,13.730666666666668,49.32088285229202,-0.12944297082228123,0.1016370497994443
600673.SH,东阳光,0.298828125,39.9,34.446999999999996,32.526666666666664,64.09366869037294,-0.06840999299556386,0.08602873074078016
605189.SH,富春染织,0.29642857142857126,18.15,17.275,15.603333333333332,62.26993865030675,-0.04874213836477986,0.05350312145868372
605318.SH,法狮龙,0.2943104352385948,98.73,95.2365,79.9845,56.324358171571696,-0.04396242858526186,0.038022333079043825
300499.SZ,高澜股份,0.29382205143363893,43.77,41.106,37.23799999999999,56.15560640732267,-0.07207971168115325,0.0551692962725434
002407.SZ,多氟多,0.2920974889217136,34.99,32.0905,29.88083333333333,64.79378362223551,-0.10282051282051277,0.10134897239565271
300602.SZ,飞荣达,0.2908777969018932,37.5,35.1605,34.5115,63.40668296658517,-0.015489629824100902,0.0423129530026431
603306.SH,华懋科技,0.2906013683831472,107.52,101.46549999999999,88.04166666666667,55.348737697903296,-0.02661596958174903,0.05636587395192316
300593.SZ,新雷能,0.28797886393659167,29.25,28.207500000000003,27.808333333333334,61.70442286947142,-0.0561471442400774,0.0718020860902002
603026.SH,石大胜华,0.2869349845201239,103.92,100.826,81.49500000000002,54.46080920941256,-0.14931237721021606,0.1150932119686847
301150.SZ,中一科技,0.2865282117257857,70.0,63.1765,53.23166666666667,59.397977941176464,-0.1042866282789508,0.08402469103297086
000695.SZ,滨海能源,0.2847399829497015,15.07,14.7195,13.661666666666665,53.84615384615386,-0.055764411027568954,0.05399248803665342
600884.SH,杉杉股份,0.28285933897002313,16.69,15.4445,14.450166666666666,61.562998405103684,-0.0763696734919756,0.06887049009623111
300684.SZ,中石科技,0.2788886550199958,60.76,57.439499999999995,54.437000000000005,60.41009463722398,-0.04314960629921263,0.06158092768803057
300752.SZ,隆利科技,0.27760252365930604,20.25,18.895,18.44066666666667,56.824512534818915,-0.007839294463498292,0.05010720782058058
300919.SZ,中伟新材,0.2775681341719076,60.94,58.40350000000001,53.921166666666664,60.837964942283016,-0.07876039304610745,0.07515549384113349
300863.SZ,卡倍亿,0.2767019365142742,63.95,58.3495,55.9315,61.341853035143785,-0.022768948655256645,0.04169890686117633
603933.SH,睿能科技,0.2760617760617763,26.44,23.682499999999997,23.055166666666665,64.87341772151899,-0.012327231976092578,0.06933853787560444
002708.SZ,光洋股份,0.276046304541407,14.33,13.491499999999998,13.047333333333333,61.39359698681733,-0.043391188251001356,0.033433800145912164
920808.BJ,曙光数创,0.2748914508159903,85.15,79.497,78.21000000000001,60.676376203406576,-0.10368421052631573,0.05724153677655511
301157.SZ,华塑科技,0.2747145187601958,78.14,74.0265,63.58716666666667,54.99884017629321,-0.13418282548476454,0.08471536006586916
300731.SZ,科创新源,0.27457459111184535,77.15,72.324,69.4915,56.88300950806122,-0.06823671497584531,0.05089935071039864
688362.SH,甬矽电子,0.2727511835875853,48.39,46.983999999999995,43.31583333333334,52.07129094412331,-0.0694230769230769,0.04325241045092196
603757.SH,大元泵业,0.27228525121555935,54.95,53.622,47.059666666666665,43.47438752783965,-0.10183066361556059,0.05242789382539506
688368.SH,晶丰明源,0.2715164732455799,163.25,149.0425,137.02833333333334,60.35478966041561,-0.050872093023255814,0.05937858678469998
688375.SH,国博电子,0.26929298696355497,133.39,124.83300000000001,117.6795,61.69207644406269,-0.09792385203219056,0.07488824497895223
688003.SH,天准科技,0.2681973619931608,77.88,71.3615,67.97633333333334,64.4859813084112,-0.0427728613569322,0.042530808005662175
300444.SZ,双杰电气,0.26640624999999996,16.21,15.466999999999999,15.355833333333333,57.34265734265736,-0.08158640226628883,0.07332017002790821
600110.SH,诺德股份,0.2651428571428571,11.07,10.331,8.686833333333334,58.79828326180258,-0.07673060884070057,0.05347110935814603
605198.SH,安德利,0.2650925677488596,47.15,45.312,41.5555,62.96943231441049,-0.05605605605605614,0.04582876185644408
300201.SZ,海伦哲,0.26274509803921586,12.88,11.837,10.520999999999999,61.61971830985916,-0.03157894736842105,0.045646913557004794
688361.SH,中科飞测,0.2611246621398906,191.3,177.5075,175.09633333333335,60.711220110361744,-0.08271397746343802,0.06308668261098059
002015.SZ,协鑫能科,0.25802469135802464,20.38,18.742,16.891000000000002,62.3091603053435,-0.05648148148148159,0.05722134070461992
300292.SZ,吴通控股,0.25799086757990874,5.51,5.1385,4.909666666666667,64.10256410256412,-0.054888507718696446,0.041577679276514554
301068.SZ,大地海洋,0.25725406935598016,35.53,34.8625,31.580499999999997,59.48320413436693,-0.1179245283018868,0.0693694363102534
603327.SH,福蓉科技,0.2567567567567566,11.16,10.502,10.056833333333335,63.478260869565254,-0.008880994671403165,0.04304132808058231
300236.SZ,上海新阳,0.2556421830118998,91.8,87.7235,80.76266666666666,64.47368421052632,-0.10787172011661815,0.05394459970768878
000573.SZ,粤宏远Ａ,0.25449871465295626,4.88,4.811,4.454166666666667,57.39130434782607,-0.043137254901960735,0.03522224741078386
603803.SH,瑞斯康达,0.25435276305828913,16.57,14.967000000000002,12.8475,56.441717791411044,-0.013103037522334656,0.05625606320034429
688182.SH,灿勤科技,0.2536530535781192,33.46,30.785000000000004,30.23633333333333,64.56140350877193,-0.012396694214876082,0.05470513064355256
600259.SH,中稀有色,0.25300442757748254,99.05,95.28200000000001,89.06616666666667,57.16635821509356,-0.08541089566020314,0.054313232875635054
600135.SH,乐凯胶片,0.2521186440677967,11.82,10.808,10.340333333333332,58.61111111111113,-0.01663893510815302,0.055339335845436606
600855.SH,航天长峰,0.24848116646415552,20.55,19.026999999999997,18.755499999999998,53.74233128834355,-0.06590909090909088,0.06486176887531832
002025.SZ,航天电器,0.24814509480626556,75.7,75.65,62.997166666666665,45.30621896429416,-0.0948224321415759,0.04491809150629266
600929.SH,雪天盐业,0.24783362218370897,7.2,6.900499999999999,6.402,56.90607734806629,-0.017735334242837637,0.042324641230653166
301181.SZ,标榜股份,0.24765135699373708,47.81,47.0175,43.526666666666664,51.87536064627815,-0.11133828996282519,0.04569908134235493
002051.SZ,中工国际,0.24554039874081846,11.87,11.0425,9.586666666666666,49.68553459119495,-0.06388012618296535,0.06628972407523792
301188.SZ,力诺药包,0.24490719782707115,27.5,25.622500000000002,20.448833333333333,62.80566280566279,-0.05982905982905983,0.06116969300236106
300088.SZ,长信科技,0.24486301369863006,7.27,6.891499999999999,6.573499999999999,56.25,-0.11015911872705023,0.07351406792578094
300629.SZ,新劲刚,0.2428771602055113,26.61,24.902,24.808,64.89241223103059,-0.01078066914498138,0.05026589595653775
688055.SH,龙腾光电,0.24281984334203655,4.76,4.2555,4.094333333333333,62.63736263736264,-0.0265848670756646,0.04053313328154044
605366.SH,宏柏新材,0.2417685794920037,13.2,13.128499999999999,10.821166666666667,47.4820143884892,-0.09402882635552512,0.05334045832159303
601588.SH,北辰实业,0.24096385542168686,2.06,1.8679999999999999,1.8421666666666667,56.451612903225815,-0.09649122807017534,0.06318874133866711
605117.SH,德业股份,0.24093519278096798,151.27,143.611,124.91383333333333,64.80712166172106,-0.05414869005189768,0.058303182937728314
301196.SZ,唯科科技,0.23750123750123753,125.0,116.77849999999998,98.58866666666667,56.19256891729923,-0.019146264908976755,0.04702581709491397
301128.SZ,强瑞技术,0.23709677419354835,191.75,180.39749999999998,138.83516666666668,56.49126086550144,-0.07349246231155783,0.061283842829020906
300522.SZ,世名科技,0.23705722070844693,13.62,13.243500000000001,12.361500000000001,60.62992125984252,-0.04621848739495799,0.03505759397490001
603019.SH,中科曙光,0.23635896777506726,96.3,90.878,87.47933333333334,64.24759871931697,-0.05828280852728347,0.04831840702045679
000762.SZ,西藏矿业,0.23572136018487955,37.43,36.0695,30.9,60.19900497512437,-0.09654839488293507,0.07011900043860769
688156.SH,路德科技,0.23364485981308403,26.4,25.2705,22.484833333333334,64.15999999999998,-0.027982326951399173,0.038285561188985795
600744.SH,华银电力,0.23347398030942323,8.77,8.0515,7.826666666666667,64.05529953917049,-0.062032085561497335,0.07892790181460535
300651.SZ,金陵体育,0.23259259259259268,33.28,31.143,29.2775,59.25925925925926,-0.12879581151832464,0.0721872311486946
301165.SZ,锐捷网络,0.2325437182190251,99.38,95.14750000000001,87.4865,55.96013018714401,-0.04110382091856431,0.0364862727949228
688158.SH,优刻得-W,0.23197115384615374,51.25,47.478,43.1585,61.60373355960967,-0.031922931620702644,0.04895251084412906
002560.SZ,通达股份,0.23137876386687806,15.54,14.493500000000001,11.953666666666667,58.62068965517242,-0.05703883495145639,0.05670239659901859
002738.SZ,中矿资源,0.23085445229192647,88.88,84.3785,80.16016666666668,61.753889674681766,-0.06046511627906976,0.05275861841803304
300817.SZ,双飞集团,0.2305896088733217,21.08,19.861,19.619166666666665,53.31412103746394,-0.032583754015603525,0.05044230566691634
300567.SZ,精测电子,0.22991452991452999,143.9,134.3925,133.8215,61.606837606837615,-0.05910814698574599,0.049916207287692686
301377.SZ,鼎泰高科,0.2292475790999946,237.38,224.34949999999998,198.37399999999997,62.59407927747113,-0.029398536206403068,0.04256217837973039
600480.SH,凌云股份,0.22857142857142865,11.61,10.787,10.786333333333335,48.661800486617985,-0.018596787827557113,0.06115747436734673
300432.SZ,富临精工,0.22830018083182635,27.17,26.249000000000002,21.691166666666668,60.24636058230684,-0.0582322357019064,0.04976785874656991
300037.SZ,新宙邦,0.22813546706363974,66.0,64.822,58.54533333333334,56.06677524429966,-0.09415317046390337,0.05421502681765827
603320.SH,迪贝电气,0.22729604925602898,23.92,22.9895,22.654,60.805860805860846,-0.06159278148293436,0.06198708439116801
002812.SZ,恩捷股份,0.22708742261814874,81.27,75.196,67.89933333333333,62.467378410438904,-0.07342378292098961,0.089148957942922
300490.SZ,华自科技,0.22654320987654342,19.87,19.2735,17.721666666666668,56.02536997885835,-0.09186471663619736,0.05531536746022907
301592.SZ,六九一二,0.22584997301672938,136.29,126.0595,120.22783333333334,62.86359785371362,-0.026500000000000058,0.052272814229174985
301291.SZ,明阳电气,0.22528830313014825,59.5,56.086,55.43783333333333,62.257336343115114,-0.128332845004395,0.056072452082905205
600343.SH,航天动力,0.22508755173511608,38.48,34.8075,33.87716666666667,60.95003084515731,-0.010288065843621545,0.05602631502327065
688170.SH,德龙激光,0.22434549971335738,64.07,58.847,51.716,62.409812409812396,-0.03697580039080126,0.055393701273833036
603220.SH,中贝通信,0.22323809523809524,32.11,29.889999999999997,27.400166666666667,57.49756572541382,-0.061933976044405425,0.07154679436520839
605589.SH,圣泉集团,0.22294172062904716,39.66,38.0855,33.95366666666667,58.95221646516982,-0.05005988023952104,0.041973451303950166
688551.SH,科威尔,0.2228155339805824,50.38,46.977000000000004,44.03600000000001,59.44259567387687,-0.07678211471504486,0.04792726823338936
688369.SH,致远互联,0.22190476190476183,25.66,24.478,24.217666666666666,58.319604612850085,-0.0306006800151114,0.029587936828817617
301528.SZ,多浦乐,0.22157385795265094,73.27,69.22200000000001,65.82266666666666,64.34410276372127,-0.029536423841059655,0.0732861645530405
603912.SH,佳力图,0.22140608604407142,11.64,10.636999999999999,9.895166666666666,61.53846153846153,-0.018549747048903782,0.04944051231501056
300836.SZ,佰奥智能,0.21914115155016378,63.31,60.42999999999999,58.95133333333333,53.444316877152716,-0.04075757575757572,0.04286073425209743
600151.SH,航天机电,0.21756329113924044,15.39,14.404500000000002,14.3105,64.80000000000001,-0.014724711907810413,0.04706026780307829
002950.SZ,奥美医疗,0.21735395189003426,14.17,13.8355,12.083666666666668,54.04699738903393,-0.048993288590604055,0.045969514153850505
688663.SH,新风光,0.21647269471799446,67.94,64.485,60.084833333333336,64.36888681881697,-0.04215423657126757,0.06078436484029442
601233.SH,桐昆股份,0.21416620189626334,21.77,20.75,20.71233333333333,59.541062801932355,-0.10961145194274027,0.07207035159105588
300145.SZ,南方泵业,0.2139423076923077,5.05,4.9665,4.813,48.87218045112781,-0.05607476635514016,0.03738051957620834
688388.SH,嘉元科技,0.21329774326619755,50.0,48.792500000000004,44.850500000000004,53.86313465783664,-0.0702863518036445,0.044468698030313884
002802.SZ,洪汇新材,0.21323529411764697,14.85,14.375499999999999,13.737833333333333,57.88849347568209,-0.12749706227967098,0.05968526243305248
601231.SH,环旭电子,0.21280327389652154,41.49,39.277499999999996,38.36166666666667,60.330929147221056,-0.07574069948763641,0.06203887200751663
601138.SH,工业富联,0.2127251820620928,63.28,61.937500000000014,56.13466666666667,61.41304347826087,-0.08422575976845142,0.06866931095920407
002635.SZ,安洁科技,0.21207764198418388,16.86,16.244,14.936666666666667,61.00217864923746,-0.04367555303460009,0.04274352839558528
300502.SZ,新易盛,0.21166264001757074,551.67,543.693,455.68783333333334,58.984721537703294,-0.12126473399171711,0.0673689499928164
688720.SH,艾森股份,0.2115299334811529,81.96,78.1265,72.4075,63.71326803205696,-0.03440150801131011,0.028767205809255864
300442.SZ,润泽科技,0.21086419753086427,98.08,91.9585,88.4945,60.030785017957925,-0.027948463825569942,0.03932575671880743
300065.SZ,海兰信,0.21028880866426003,26.82,26.034999999999997,26.021,52.13333333333334,-0.06745479833101534,0.04569155973610884
605058.SH,澳弘电子,0.20960150611860673,38.55,36.444,33.6045,62.041181736794954,-0.006699304303014819,0.03332729254150542
002585.SZ,双星新材,0.2082695252679938,7.89,7.4959999999999996,7.350499999999999,64.79999999999998,-0.0528211284513806,0.05995848255196407
002654.SZ,万润科技,0.20450885668276975,14.96,14.646,14.5565,52.749490835030564,-0.07368421052631566,0.04295802177599613
688596.SH,正帆科技,0.20361010830324933,33.34,32.0715,31.5355,61.45510835913317,-0.033903216458997236,0.03716464140679292
600166.SH,福田汽车,0.20333333333333337,3.61,3.5,3.186666666666667,60.576923076923045,-0.06476683937823835,0.05251975230696099
002498.SZ,汉缆股份,0.20316622691292863,9.12,8.6155,8.211666666666666,56.82819383259912,-0.040000000000000084,0.06601925361581931
301149.SZ,隆华新材,0.20229681978798575,13.61,13.159,12.504666666666667,61.029411764705884,-0.055517002081887624,0.03213456131439443
300249.SZ,依米康,0.2019543973941369,18.45,17.7505,17.346,64.19437340153448,-0.005926724137931005,0.02785783128125495
002858.SZ,力盛体育,0.20128022759601705,16.89,16.017500000000002,15.798666666666668,64.25339366515834,-0.032091690544412535,0.04156178423722064
002283.SZ,天润工业,0.20105820105820116,11.35,11.013499999999999,9.791666666666666,59.405940594059395,-0.09920634920634921,0.055917356212089306
920821.BJ,则成电子,0.19971333014811266,25.11,23.1,22.851000000000003,63.242846661775495,-0.07000000000000002,0.06613831640200349
688079.SH,美迪凯,0.19941563184806443,16.42,15.6155,13.860333333333333,59.463986599665006,-0.03976608187134501,0.038308298212426255
688682.SH,霍莱沃,0.19924634950541686,50.92,47.391000000000005,46.9375,59.28362573099414,-0.007020280811232438,0.04634142087947588
688700.SH,东威科技,0.19899439180042533,62.0,61.458000000000006,51.22716666666667,56.54379438620223,-0.08011869436201788,0.04001475259403321
301557.SZ,常友科技,0.1985286498808414,115.67,107.98800000000001,102.29983333333332,52.51450676982593,-0.034474123539232016,0.04932358343328105
300757.SZ,罗博特科,0.19631336405529964,519.2,504.4775000000001,430.2676666666667,56.615184220320074,-0.08268551236749108,0.04256053651910576
002559.SZ,亚威股份,0.1956043956043958,10.88,10.509,10.202333333333334,58.86524822695034,-0.02421524663677126,0.031228775011274287
603893.SH,瑞芯微,0.1955209869920882,178.3,175.01600000000002,170.51916666666665,61.819830713422064,-0.05601440067767886,0.04118937131118183
300099.SZ,尤洛卡,0.19339045287637702,9.75,9.202,8.953499999999998,61.56156156156156,-0.05247813411078709,0.04491414280136292
002126.SZ,银轮股份,0.1932853717026377,49.76,47.45399999999999,46.179833333333335,54.40705128205129,-0.029073170731707357,0.03584656352804647
000039.SZ,中集集团,0.1927374301675977,12.81,11.8905,11.800333333333333,60.13071895424837,-0.06153846153846153,0.05439650522223971
301393.SZ,昊帆生物,0.19238558120696636,58.88,58.0,53.393,47.76119402985074,-0.06613798572561451,0.05574479074069902
301182.SZ,凯旺科技,0.18993839835728976,69.54,65.991,57.66,55.59237779618893,-0.0658248253627081,0.058100809499800544
603286.SH,日盈电子,0.18855276727397752,69.15,63.653999999999996,62.80166666666666,64.5257654966393,-0.03421787709497191,0.04774743173692465
300866.SZ,安克创新,0.1881089679856831,119.5,117.63,106.62466666666667,61.23348017621146,-0.08639143730886858,0.04718628727400557
000767.SZ,晋控电力,0.18803418803418803,4.17,3.903,3.7828333333333335,61.93181818181817,-0.04357798165137623,0.05296732144649687
603613.SH,国联股份,0.18798848210612928,28.88,27.419999999999998,26.654999999999998,60.49079754601226,-0.025969645868465417,0.04934853051893303
603118.SH,共进股份,0.18716981132075472,15.73,14.5565,13.085833333333333,64.76462196861627,-0.024193548387096808,0.04059404371060168
301096.SZ,百诚医药,0.18681318681318682,60.48,56.9525,52.21933333333333,64.83271375464683,-0.014823261117445898,0.03651085929779968
001203.SZ,大中矿业,0.1862276954008546,47.2,45.661500000000004,39.51433333333333,61.113566062748575,-0.13632204940530643,0.0934670260926576
300739.SZ,明阳电路,0.18599999999999994,29.65,28.730499999999996,26.738666666666667,50.27932960893854,-0.08346213292117474,0.04309457850094505
000815.SZ,美利云,0.1853381517811048,22.96,20.6445,18.071,61.39917695473252,-0.020895522388059636,0.05305428681694095
002993.SZ,奥海科技,0.18504930061912406,51.68,50.1565,48.53183333333334,49.01185770750988,-0.07714285714285715,0.052605363613490344
300082.SZ,奥克股份,0.18475073313782975,12.12,11.776,10.652666666666667,56.79190751445086,-0.1042128603104213,0.06452886880770231
603530.SH,神马电力,0.18399564507348942,65.25,60.97249999999999,58.894999999999996,61.25439624853458,-0.006092916984006179,0.03320527777473272
920491.BJ,奥迪威,0.18380062305295963,26.6,25.5055,25.412166666666668,59.62059620596206,-0.0493209435310936,0.04470175799166198
002386.SZ,天原股份,0.18230088495575214,6.68,6.5600000000000005,6.224333333333333,63.49206349206348,-0.10215053763440869,0.050785187077784476
603211.SH,晋拓股份,0.18227635447291046,28.15,26.091500000000003,24.232166666666668,55.09868421052631,-0.029310344827586255,0.04708694487158251
002066.SZ,瑞泰科技,0.18186423505572447,23.33,22.679,20.711333333333336,58.33333333333332,-0.036746490503715964,0.03650770198708582
605305.SH,中际联合,0.18174807197943443,45.97,45.582,41.89216666666667,62.7994011976048,-0.05991820040899795,0.043621020154582205
688629.SH,华丰科技,0.18124405225365514,136.54,132.975,116.523,53.546981953951466,-0.08053872053872059,0.04278965727101075
688295.SH,中复神鹰,0.1811637672465507,59.07,56.557500000000005,46.779833333333336,60.87817761637504,-0.10864644635581705,0.0761399520668224
688175.SH,高凌信息,0.1810289389067523,36.73,35.5895,35.165,58.5806451612903,-0.019749132639444944,0.028257803548713156
300939.SZ,秋田微,0.1799336650082919,42.69,39.864,38.55733333333333,61.93771626297576,-0.0048951048951049155,0.02756889046966973
688638.SH,誉辰智能,0.1798445456982043,44.02,43.081,41.04933333333334,60.94032549728753,-0.0669775328529037,0.021850650120639987
300988.SZ,津荣天宇,0.17924909164311664,29.21,27.6505,27.0135,60.480000000000004,-0.011505922165820638,0.029508457235287885
002329.SZ,皇氏集团,0.17914438502673802,4.41,4.143,3.970166666666666,60.909090909090914,-0.026490066225165584,0.04161628408280416
301251.SZ,威尔高,0.17845993756503664,67.95,65.9145,63.466,51.34443021766967,-0.05703580349708575,0.031074592261564563
600292.SH,电投水电,0.17763157894736836,16.11,15.4245,14.847,59.56873315363879,-0.033013205282112885,0.03399194905506387
688636.SH,智明达,0.17710196779964216,46.06,44.48,44.40116666666666,56.08465608465608,-0.051873198847262166,0.049383782817173004
003019.SZ,宸展光电,0.17647058823529416,36.2,34.7785,32.301833333333335,63.15789473684211,-0.012547735951991101,0.03707061534839388
300895.SZ,铜牛信息,0.1763636363636365,71.17,63.818,61.586999999999996,63.916225082008594,-0.018209408194233594,0.05570501374431498
688308.SH,欧科亿,0.1762067744600495,99.66,96.985,81.87466666666667,51.54937735302635,-0.14813231900162407,0.05999400920970348
688778.SH,厦钨新能,0.1761133603238867,81.34,79.886,78.46133333333334,57.25130890052356,-0.07146118721461177,0.053065040659307366
300635.SZ,中达安,0.17496229260935148,15.58,14.275,13.8995,61.49584487534627,-0.016414141414141402,0.03948764807155507
688679.SH,通源环境,0.17457983193277293,55.91,55.146,49.221,50.177725118483394,-0.08042763157894738,0.03347091788259548
603016.SH,新宏泰,0.17438573602957153,54.01,51.161500000000004,41.09116666666667,63.13148210103713,-0.11978487614080836,0.11954600897647803
688063.SH,派能科技,0.17405731523378587,77.84,75.292,71.768,57.89993416721528,-0.045376502330144744,0.04454188781753506
002988.SZ,豪美新材,0.17397167902899535,34.82,34.3645,33.6755,53.264094955489604,-0.09909443725743851,0.03700133372896843
002638.SZ,勤上股份,0.17274939172749382,4.82,4.5525,3.9433333333333334,53.781512605042025,-0.06769825918762082,0.03666527603149767
300693.SZ,盛弘股份,0.1724061810154527,53.11,49.3535,45.327999999999996,59.435626102292765,-0.03751359188111635,0.04493086981180543
300618.SZ,寒锐钴业,0.1711111111111112,47.43,46.2465,45.897000000000006,55.190890823844605,-0.05348233885452005,0.04083830742047599
301626.SZ,苏州天脉,0.17089257503949473,296.47,271.46950000000004,238.92216666666667,64.50865476352732,-0.018311258278145604,0.03898757840128156
688199.SH,久日新材,0.17051070840197702,28.42,27.276999999999997,26.566333333333333,62.85240464344943,-0.01999999999999994,0.030483287522884442
688372.SH,伟测科技,0.1693403298350824,155.99,152.2885,138.91466666666665,51.12166366464714,-0.07698224852071,0.02993922022292184
688137.SH,近岸蛋白,0.16931091641013518,49.38,48.0375,43.978500000000004,48.350694444444464,-0.04818812644564379,0.052540381385072964
603788.SH,宁波高发,0.1692832764505119,17.13,16.563,16.063166666666667,64.02214022140221,-0.08834486428951571,0.0630582848656431
300880.SZ,迦南智能,0.1692307692307693,23.56,22.432,22.162666666666667,54.45544554455446,-0.018333333333333385,0.03867912732608148
301552.SZ,科力装备,0.16915011037527572,42.37,42.0195,40.06183333333333,51.39202407825431,-0.05381866904868253,0.03891602892765306
600748.SH,上实发展,0.16844349680170567,5.48,5.305,5.190499999999999,52.5925925925926,-0.04195804195804184,0.032988456052425424
601339.SH,百隆东方,0.16824966078697412,8.61,8.292,7.514,61.85286103542232,-0.09368421052631586,0.06977447236011526
600973.SH,宝胜股份,0.16717791411042948,7.61,7.327,7.1375,56.281407035175874,-0.02185089974293058,0.02541057340501265
301268.SZ,铭利达,0.16682926829268308,23.92,22.52,22.4065,58.2687338501292,-0.007880547490667678,0.03509634400568324
300303.SZ,聚飞光电,0.16612021857923498,10.67,9.8505,9.257333333333332,60.167714884696025,-0.006517690875232801,0.043869485792756846
001366.SZ,播恩集团,0.1655225019069413,15.28,14.682999999999998,14.365666666666668,64.66666666666666,-0.07225258044930173,0.04038469296735007
688521.SH,芯原股份,0.1654804270462633,262.0,247.651,233.16516666666666,52.17099373321397,-0.11772629310344822,0.0630072298666225
688383.SH,新益昌,0.16447594010744093,101.88,98.229,81.20066666666666,63.71100164203608,-0.06532110091743124,0.03547720677427164
000049.SZ,德赛电池,0.16408794788273617,28.59,28.116000000000003,26.952,58.04988662131518,-0.09238095238095238,0.047357184853936515
688512.SH,慧智微-U,0.16299559471365632,13.2,12.661999999999999,12.178833333333333,57.00636942675159,-0.011235955056179803,0.02494903773608066
603121.SH,华培动力,0.16297895304910948,21.55,21.1085,20.782666666666664,52.95275590551182,-0.06709956709956713,0.033481489295129764
300666.SZ,江丰电子,0.16286710473380728,173.43,164.5025,148.68966666666665,63.984168865435365,-0.11334355828220853,0.06514150753536782
000727.SZ,冠捷科技,0.1626984126984128,2.93,2.7359999999999998,2.674833333333333,64.19753086419752,-0.026578073089700876,0.03042755214807406
300727.SZ,润禾材料,0.16264855687606117,34.24,33.9505,33.770833333333336,55.10996119016819,-0.03522118906734291,0.022620602845247643
603819.SH,神力股份,0.16261398176291797,15.3,14.318999999999999,13.187999999999999,63.19702602230482,-0.02048655569782321,0.041907206805238066
300990.SZ,同飞股份,0.16216216216216228,88.15,86.385,85.507,54.53677172874882,-0.07024575466722915,0.03878782771110953
300620.SZ,光库科技,0.1620918550412631,259.1,241.93050000000002,196.28549999999998,63.50832266325226,-0.08218207580588023,0.05614988792159002
301031.SZ,中熔电气,0.1620505892066353,154.82,152.0745,145.4615,58.8801711840228,-0.09662737775703117,0.048393529478351335
603701.SH,德宏股份,0.16123269316659217,26.0,24.897,22.577333333333332,64.65256797583083,-0.018867924528301886,0.029809202786654394
603328.SH,依顿电子,0.16097122302158273,12.91,12.866999999999999,12.271333333333335,52.0,-0.12296195652173916,0.04907634233247987
601789.SH,宁波建工,0.16044776119402981,6.22,5.7725,5.7165,62.77056277056276,-0.026604068857589976,0.042291627104020194
600562.SH,国睿科技,0.15981543624161065,27.65,27.576500000000003,27.41916666666667,52.84697508896797,-0.10168940870695264,0.042949283487217445
000006.SZ,深振业Ａ,0.1595092024539877,9.45,9.2925,9.069999999999999,62.00716845878136,-0.058764940239043814,0.04863134559366525
600498.SH,烽火通信,0.15947925142392205,57.0,51.7485,49.0855,64.64924346629988,-0.006102877070619031,0.05226369503021148
605258.SH,协和电子,0.15939849624060143,38.55,37.0075,35.1805,59.1463414634146,-0.01229823212913154,0.02891443712056445
600094.SH,大名城,0.15839243498817956,4.9,4.7010000000000005,4.559166666666667,60.90225563909773,-0.03353057199211044,0.029748091835603493
603126.SH,中材节能,0.15688949522510232,8.48,8.1445,7.865333333333334,64.38356164383555,-0.03085714285714281,0.023899749581315622
603960.SH,克来机电,0.1567020250723241,23.99,23.1465,23.084999999999997,47.6121562952243,-0.04040000000000006,0.04056763514503077
002448.SZ,中原内配,0.15602836879432624,16.3,15.508,15.255333333333335,58.714285714285715,-0.06963470319634697,0.0411354923700067
301587.SZ,中瑞股份,0.15585984695932353,28.7,28.0985,25.961333333333332,58.99581589958159,-0.06178489702517164,0.05374557351466541
301191.SZ,菲菱科思,0.15516241299303957,159.32,149.5365,130.47733333333332,55.663209606986875,-0.05268165061243913,0.034868238516305584
605588.SH,冠石科技,0.1546534653465348,58.31,56.94649999999999,55.81483333333333,59.41140404659718,-0.07001594896331739,0.03127559029238979
688293.SH,奥浦迈,0.15417130144605107,51.88,51.847,49.428666666666665,45.43339150668994,-0.10859106529209622,0.04619041743793384
301628.SZ,强达电路,0.15405651777575202,113.94,108.9395,107.20266666666667,59.73981513180418,-0.017758620689655193,0.027092806908242374
920026.BJ,卓兆点胶,0.15359999999999996,36.05,36.0255,35.41983333333334,49.490662139219,-0.07516675218060544,0.03450037826853097
301079.SZ,邵阳液压,0.15305623471882646,47.16,45.504000000000005,42.7695,47.46430329886755,-0.10800075657272558,0.05966197544769596
002012.SZ,凯恩股份,0.1518578352180937,7.13,6.933999999999999,6.933333333333334,51.79856115107913,-0.03387533875338754,0.026412195714420546
000601.SZ,韶能股份,0.1505546751188589,7.26,6.816000000000001,6.451,62.73062730627307,-0.04849279161205768,0.04424615533857053
688120.SH,华海清科,0.14941045345222026,195.94,188.849,181.2411666666667,62.48746238716147,-0.05793547766719559,0.033214782715892184
300018.SZ,中元股份,0.1492776886035312,14.32,13.778,13.176,59.80528511821975,-0.07012987012987014,0.05126717126289856
301306.SZ,西测测试,0.1491397109428767,166.97,164.304,134.3153333333333,44.00536832687146,-0.11421750663129975,0.060341787019929566
603067.SH,振华股份,0.14907727797001158,39.85,37.2675,36.97933333333333,62.358546754020246,-0.02088452088452092,0.04156115450837972
688355.SH,明志科技,0.14857142857142858,24.12,23.281,21.770166666666668,63.577235772357724,-0.04095427435387665,0.027474999399039784
600654.SH,中安科,0.14835164835164827,4.18,4.1715,3.7864999999999998,44.65116279069766,-0.1363636363636364,0.06833358501956541
002815.SZ,崇达技术,0.14814814814814814,15.5,15.122,14.947666666666665,54.61254612546125,-0.028213166144200583,0.03559633207654979
688585.SH,上纬新材,0.14754237288135585,135.41,124.64500000000001,124.469,57.96521739130435,-0.05294446775772831,0.048064114167459565
605228.SH,神通科技,0.1457399103139012,15.33,14.906,14.126333333333333,56.91318327974275,-0.02666666666666666,0.024335430619789135
300443.SZ,金雷股份,0.14507772020725396,30.94,30.1635,29.182333333333336,58.949096880131364,-0.04770698676515853,0.023279845275710972
301381.SZ,赛维时代,0.14489687995769418,21.65,21.002000000000002,20.819000000000003,61.71079429735232,-0.020805065581185025,0.027861867928731944
000973.SZ,佛塑科技,0.14450201496833603,19.88,18.9565,16.399166666666666,58.224299065420546,-0.10651685393258431,0.07058412199544956
000037.SZ,深南电A,0.14358974358974352,11.15,10.6175,10.324833333333334,64.06249999999999,-0.06538139145012568,0.06622767346069187
002846.SZ,英联股份,0.14337700145560417,15.71,15.320500000000001,15.067166666666667,62.44541484716158,-0.11741573033707864,0.04725113271922285
300174.SZ,元力股份,0.14312977099236623,17.97,17.5435,16.87333333333333,61.6216216216216,-0.03955104222341005,0.025089563839776462
000600.SZ,建投能源,0.14269275028768713,9.93,9.381499999999999,9.288,64.55696202531645,-0.020710059171597715,0.030435772946181425
688518.SH,联赢激光,0.14251592356687892,28.7,27.635499999999997,27.123166666666666,59.85611510791365,-0.10564038641321295,0.056076093647123904
603279.SH,景津装备,0.14234234234234244,19.02,18.453,18.293166666666668,54.42477876106194,-0.028600612870275727,0.026025159238300278
601179.SH,中国西电,0.1421926910299003,17.19,17.0915,16.5745,44.395604395604394,-0.0713128038897893,0.04388465374127618
002487.SZ,大金重工,0.14218857536132146,82.98,82.916,73.54616666666668,58.78205128205129,-0.11892121469526441,0.06485371044419456
300626.SZ,华瑞股份,0.14192761285075228,28.08,27.131999999999998,22.38133333333333,61.54791154791154,-0.059296482412060404,0.038556821165699896
600348.SH,华阳股份,0.1413911060433295,10.01,9.745000000000001,9.610666666666667,64.66165413533835,-0.054768649669499535,0.0519870854577638
000722.SZ,湖南发展,0.14117647058823546,14.55,13.961500000000001,13.826,62.846580406654354,-0.0894868585732165,0.05733306785313658
300050.SZ,世纪鼎利,0.14024390243902451,7.48,7.277499999999999,6.602833333333333,48.66310160427808,-0.07881773399014765,0.03351897073654591
000935.SZ,四川双马,0.1399999999999999,28.5,27.528000000000002,27.092,64.9331352154532,-0.02095499828237717,0.0359181825984788
603693.SH,江苏新能,0.13968957871396892,15.42,14.755,14.4385,61.53846153846154,-0.07664670658682632,0.05536322092418657
688443.SH,智翔金泰-U,0.1387860843819393,30.77,30.672000000000004,28.209333333333333,40.861812778603266,-0.04913473423980222,0.03072844376054844
920663.BJ,明阳科技,0.13850231941683222,17.18,16.159,15.786,61.003861003861,-0.08568387440127725,0.038193847150791146
301516.SZ,中远通,0.1384615384615384,21.46,19.912,18.562333333333335,61.52542372881354,-0.022323462414578516,0.040053216034975976
002850.SZ,科达利,0.13818443007900982,206.0,196.054,175.514,62.405819693426864,-0.04625214130283813,0.049849071887159514
002310.SZ,东方新能,0.13780918727915203,3.22,3.0650000000000004,2.8786666666666667,60.60606060606064,-0.05014749262536871,0.03513176501579986
603289.SH,泰瑞机器,0.13761467889908263,12.4,11.9285,11.366333333333333,56.657963446475186,-0.04394757131842716,0.02496573779648691
301255.SZ,通力科技,0.13733431516936667,30.89,28.97,27.685166666666667,64.86486486486487,-0.008028259473346178,0.03737822313983361
300761.SZ,立华股份,0.1370843989769821,22.23,21.912,20.96716666666667,53.366583541147115,-0.05605095541401275,0.03005329790869252
000688.SZ,国城矿业,0.1369315342328834,45.5,45.105000000000004,37.99,53.94223263075723,-0.1371135975725393,0.07076145968511519
001218.SZ,丽臣实业,0.13672363484785333,27.27,25.570500000000003,25.540666666666663,63.02211302211302,-0.0689655172413793,0.046265123236954454
301580.SZ,爱迪特,0.13627833116789367,78.71,74.766,72.4295,63.58447488584475,-0.034233128834355905,0.0416832281995619
605016.SH,百龙创园,0.1358828315703826,27.92,26.898500000000002,25.364500000000003,63.78378378378379,-0.03557858376511218,0.027724773789634404
300606.SZ,金太阳,0.13505663665408063,39.08,38.2355,36.26466666666667,56.80628272251307,-0.044498777506112475,0.032999790514688154
688010.SH,福光股份,0.13495145631067973,35.07,34.3625,31.601333333333336,56.42343268242549,-0.046233342398694664,0.025847504485547054
301097.SZ,天益医疗,0.134870317002882,59.07,57.6315,56.342999999999996,58.797909407665514,-0.078902229845626,0.033170645203583364
300001.SZ,特锐德,0.1341877120241235,30.09,29.718,29.19066666666667,60.935143288084454,-0.059687500000000004,0.03242088331177051
688143.SH,长盈通,0.13397435897435916,70.76,67.232,60.845166666666664,60.25028441410694,-0.10993710691823894,0.061801233820686696
300972.SZ,万辰集团,0.133578431372549,222.0,209.7035,201.83866666666665,60.1442965542978,-0.05342600093804631,0.050312958767234635
001231.SZ,农心科技,0.13357079252003556,25.46,24.5665,24.55,59.23076923076926,-0.015087040618955534,0.03023769627801235
002157.SZ,正邦科技,0.13201320132013206,3.43,3.3055,3.23,46.534653465346544,-0.06793478260869565,0.04868671964920184
002906.SZ,华阳集团,0.13174946004319654,31.44,31.119,30.442666666666664,52.42566510172146,-0.05358217940999391,0.03133507462994169
300750.SZ,宁德时代,0.13077679449360868,437.0,433.8415,396.9045,51.76553672316384,-0.06773333333333334,0.04147286788345076
603496.SH,恒为科技,0.12993539124192388,31.48,30.1575,29.649833333333333,61.312607944732314,-0.03936527311565464,0.041716038735256054
601330.SH,绿色动力,0.12960609911054655,8.89,8.442499999999999,8.274333333333333,61.842105263157904,-0.04715969989281881,0.05392617734991429
000829.SZ,天音控股,0.12953876349362115,11.51,11.189499999999999,10.735666666666667,62.10826210826211,-0.09298660362490148,0.046564740516921964
002867.SZ,周大生,0.1288395904436861,13.23,12.515,12.3,52.55681818181817,-0.05297065139584826,0.04323574752285606
002792.SZ,通宇通讯,0.12880458756065272,51.18,47.8945,45.67783333333333,57.292418772563174,-0.06945454545454546,0.06712424794094825
000070.SZ,特发信息,0.12794432548179868,21.07,20.048499999999997,17.736666666666665,59.927470534904806,-0.06355555555555555,0.04819740897060481
601869.SH,长飞光纤,0.12689361702127666,397.23,376.30699999999996,283.1623333333334,60.404094827586206,-0.06065550510783196,0.04009364177322621
600236.SH,桂冠电力,0.12686567164179108,10.57,10.0065,9.603333333333332,63.86292834890965,-0.08006962576153176,0.036442987544800645
603520.SH,司太立,0.12630579297245959,11.86,11.289,10.554666666666666,61.90476190476189,-0.057982525814138236,0.05151143119999254
603477.SH,巨星农牧,0.12613156306578155,18.66,18.2515,17.882833333333334,47.38154613466333,-0.03466114847387471,0.03335176573441014
300241.SZ,瑞丰光电,0.12539184952978055,7.18,6.8575,6.725833333333333,59.895833333333336,-0.012379642365887188,0.023541641312338178
300709.SZ,精研科技,0.12461139896373052,43.41,41.4985,40.876333333333335,52.67584097859325,-0.013184814730620718,0.03486394600092347
300235.SZ,方直科技,0.1242891957757919,13.84,13.777999999999997,13.586166666666665,64.21052631578948,-0.05205479452054793,0.026919472761292647
300265.SZ,通光线缆,0.12399077277970005,19.49,19.2485,18.2665,49.014567266495284,-0.09810273021749195,0.05262672707419282
600030.SH,中信证券,0.12385321100917435,26.95,26.3955,26.258,64.32926829268291,-0.03196839080459772,0.03171934007937904
688605.SH,先锋精科,0.12211221122112215,68.0,65.1045,63.865833333333335,64.99631540162119,-0.01677270098322725,0.026831543753451294
002797.SZ,第一创业,0.12195121951219523,7.82,7.7485,7.4505,51.54639175257734,-0.04049079754601228,0.02359080899573192
301607.SZ,富特科技,0.1209100758396533,51.73,50.423500000000004,48.68266666666667,58.87408680704769,-0.09641921397379918,0.04957551726444294
603903.SH,中持股份,0.11838565022421532,12.47,12.0515,12.0145,58.59154929577466,-0.08173784977908685,0.03061857152502836
688237.SH,超卓航科,0.11804858462156176,55.69,55.04200000000001,51.11083333333333,50.477845351867934,-0.04394849785407729,0.024072037500600066
300723.SZ,一品红,0.11795292829775605,40.85,37.773,34.53033333333334,62.78118609406952,-0.10180299032541767,0.06880152555112311
688607.SH,康众医疗,0.11744583808437836,68.6,66.252,58.970166666666664,59.800871188550076,-0.060273972602739805,0.04006732626091672
002285.SZ,世联行,0.1170212765957448,3.15,3.047,2.978,54.651162790697676,-0.07894736842105264,0.030862509419277442
300511.SZ,雪榕生物,0.11688311688311703,7.74,7.472999999999999,7.145833333333333,60.625000000000014,-0.08726415094339625,0.05164619314585241
000790.SZ,华神科技,0.11662531017369715,4.5,4.133000000000001,4.0888333333333335,62.60162601626013,-0.028077753779697602,0.051351012366583584
002952.SZ,亚世光电,0.11596505162827642,28.1,27.017000000000003,25.372500000000002,58.61084681255948,-0.051316677920324086,0.04419254914836621
920185.BJ,贝特瑞,0.11561721807186065,31.36,30.930500000000002,30.076666666666664,57.90987535953979,-0.06388059701492539,0.030424271215140606
601218.SH,XD吉鑫科,0.11551724137931041,6.47,6.3,6.198666666666666,62.50000000000001,-0.06095791001451378,0.04385877391019193
000899.SZ,赣能股份,0.11519607843137258,13.65,13.063500000000001,13.002666666666666,58.37696335078535,-0.015151515151515086,0.022399487052838986
688658.SH,悦康药业,0.11508553654743414,21.51,19.659,19.499333333333333,56.85975609756099,-0.04314946619217077,0.041707551336209805
688226.SH,威腾电气,0.11475735879077154,56.05,55.141,46.958999999999996,59.356825179609984,-0.13235294117647056,0.05745429751090922
300457.SZ,赢合科技,0.11328125,28.5,28.29,26.909499999999998,56.02165087956699,-0.03813702328720888,0.023928448944440895
301168.SZ,通灵股份,0.1130803794308537,44.59,43.42,42.6505,54.09252669039149,-0.028751905902853262,0.02513514614009201
300667.SZ,必创科技,0.11302795954788825,18.71,18.1875,17.954833333333333,58.992805755395665,-0.05932629462041225,0.040380664339574816
600126.SH,杭钢股份,0.11292200232828886,9.56,9.533000000000001,9.094666666666665,50.28901734104048,-0.14795008912655971,0.05328207701145005
300267.SZ,尔康制药,0.11282051282051286,4.34,4.121499999999999,3.9791666666666665,55.494505494505496,-0.08050847457627117,0.04319744918948299
300763.SZ,锦浪科技,0.11195381480642963,98.23,94.1085,93.35816666666666,56.62251655629138,-0.032216748768472865,0.04322997290445347
688167.SH,炬光科技,0.11121337628470629,434.64,381.246,349.35016666666667,62.251210328133396,-0.005354936152684406,0.06030290547209144
300547.SZ,川环科技,0.110659072416599,40.95,38.81,35.537333333333336,56.12698412698413,-0.08593749999999988,0.040881860806024205
301312.SZ,智立方,0.11027743849240967,127.26,118.71999999999998,96.31066666666668,57.00045310376077,-0.031506849315068496,0.034768403426633086
301081.SZ,严牌股份,0.10983827493261455,16.47,15.636499999999998,14.318499999999998,62.70190895741555,-0.05126728110599082,0.04439150789475056
600227.SH,赤天化,0.10951008645533133,3.85,3.7815,3.5888333333333335,58.51063829787235,-0.11494252873563209,0.05781162432348623
600821.SH,金开新能,0.10858585858585856,8.78,8.67,8.420333333333334,49.4,-0.11223458038422661,0.05343523365604196
600780.SH,通宝能源,0.106012658227848,6.99,6.764,6.673166666666666,64.46700507614214,-0.04115226337448557,0.039621874131800995
603776.SH,永安行,0.10546874999999978,19.81,19.71,19.075499999999998,59.78723404255317,-0.06732580037664783,0.039342746958822665
300192.SZ,科德教育,0.10506050605060513,20.09,19.630499999999998,19.534333333333333,63.205417607223445,-0.02711864406779655,0.02161784933149958
600232.SH,金鹰股份,0.10466582597730145,8.76,8.589,8.428333333333335,54.60122699386504,-0.07006369426751594,0.021357977291769782
000537.SZ,绿发电力,0.10401647785787849,10.72,10.341,10.081333333333333,58.3148558758315,-0.07982832618025748,0.045636458979500256
002272.SZ,川润股份,0.1027667984189724,19.53,19.0965,18.2935,52.20750551876381,-0.08137347130761996,0.04622816983178551
603271.SH,永杰新材,0.10275150472914851,51.3,50.122,47.388999999999996,59.66641394996209,-0.04646840148698885,0.03310980048014767
300210.SZ,森远股份,0.10239651416121998,10.12,9.541,9.318999999999999,61.51685393258423,-0.09642857142857145,0.05373874077827323
001258.SZ,立新能源,0.1018957345971565,9.3,9.042,8.9005,61.904761904761905,-0.05391658189216677,0.03614203170794334
600268.SH,国电南自,0.09978617248752686,15.43,15.314499999999999,14.539833333333336,47.08737864077669,-0.05104551045510466,0.03135177562413912
688195.SH,腾景科技,0.0990470008556339,372.5,346.483,275.47883333333334,58.31277485787836,-0.13188375399100416,0.05728125852484105
300233.SZ,金城医药,0.09898305084745762,16.21,15.745999999999999,15.146833333333335,63.09012875536485,-0.017575757575757522,0.0206720463220758
601113.SH,华鼎股份,0.09738717339667469,4.62,4.554,4.551,61.40350877192982,-0.05327868852459012,0.02231866419609947
002756.SZ,永兴材料,0.09725857556137218,79.65,77.3785,68.072,54.19654154365247,-0.11381842456608801,0.06742465586370583
600267.SH,海正药业,0.09686609686609704,11.55,11.1285,10.613000000000001,53.703703703703724,-0.0563725490196078,0.04640129401162637
603881.SH,数据港,0.09686221009549811,40.2,39.144999999999996,38.4755,49.65373961218839,-0.05678085405912705,0.038031200837155395
301349.SZ,信德新材,0.09614711033274959,62.59,60.972500000000004,53.57083333333333,54.20054200542005,-0.04442748091603048,0.031331805491066726
002960.SZ,青鸟智控,0.09515418502202655,12.43,12.108,11.6325,52.368421052631575,-0.01971608832807571,0.021390656548635173
002091.SZ,江苏国泰,0.09385474860335186,9.79,9.402,9.150333333333332,55.958549222797906,-0.020020020020020127,0.029202698238337484
300720.SZ,海川智能,0.09286523216308029,67.55,63.4015,51.972166666666666,62.965760322255775,-0.11986970684039092,0.09316217855753675
600629.SH,华建集团,0.0928355196770938,21.66,21.008499999999998,20.724,56.83453237410073,-0.0432862190812721,0.03378094206327417
600971.SH,恒源煤电,0.09192200557103059,7.84,7.6765,7.4895000000000005,63.212435233160605,-0.06888361045130642,0.05311424859219774
601665.SH,齐鲁银行,0.0902777777777779,6.28,6.179,5.899500000000001,62.50000000000002,-0.03384615384615381,0.03475374995174854
688656.SH,浩欧博,0.08951271186440679,143.99,136.85049999999998,136.765,59.0909090909091,-0.02558029369966841,0.026473871480315297
002300.SZ,太阳电缆,0.08950276243093902,9.86,9.8485,9.7835,49.081364829396314,-0.0945821854912765,0.039222372018072375
603683.SH,晶华新材,0.08872180451127809,28.96,28.286,26.771166666666666,56.23987034035655,-0.04579901153212522,0.030120147858421115
002416.SZ,爱施德,0.08814352574102946,13.95,13.553999999999998,13.298833333333333,59.85130111524162,-0.03793103448275867,0.02043697469890448
688248.SH,南网科技,0.08767315448009816,62.03,57.819500000000005,57.790333333333336,56.81259222823415,-0.02314960629921258,0.040389370900316725
002793.SZ,罗欣药业,0.08730158730158744,5.48,5.2645,4.978166666666667,57.9268292682927,-0.04695652173913036,0.04196382125978424
601001.SH,晋控煤业,0.08730158730158721,17.81,17.56,16.993166666666664,61.62790697674419,-0.10726817042606519,0.061137385626864243
603275.SH,众辰科技,0.087015025790536,48.47,46.696999999999996,45.97783333333333,57.357142857142854,-0.012428687856560707,0.029187347339483895
002890.SZ,弘宇股份,0.08684707363121458,17.27,16.392,16.262833333333333,61.27049180327866,-0.04055555555555558,0.033937851787799
600872.SH,中炬高新,0.0855643044619423,20.68,20.441,19.233999999999998,59.92844364937388,-0.06888788833858626,0.03962922930971174
603281.SH,江瀚新材,0.08477666362807668,35.7,35.3315,33.133833333333335,50.102810143934214,-0.06495547407019374,0.03632606960756667
300447.SZ,全信股份,0.08458244111349056,20.26,19.9805,19.953666666666667,52.50000000000001,-0.07783340919435582,0.037751622385819486
300404.SZ,博济医药,0.08333333333333326,10.79,10.4185,10.227,55.309734513274286,-0.033154121863799374,0.025395268185278968
688612.SH,威迈斯,0.0832210242587601,32.15,32.1085,30.466,53.132530120481924,-0.05190209377764666,0.023343166236252717
002557.SZ,洽洽食品,0.08286252354048962,23.0,22.8555,22.618333333333332,58.47953216374269,-0.11504424778761056,0.028610843434102765
301560.SZ,众捷汽车,0.08154838709677414,41.91,41.905,39.65233333333333,46.18669920683344,-0.06970033296337405,0.032570929562423925
300142.SZ,沃森生物,0.08097165991902844,13.35,12.612,12.328666666666667,59.33333333333336,-0.019103600293901526,0.03470540268423126
600351.SH,亚宝药业,0.07999999999999985,7.02,6.7315,6.658500000000001,57.59999999999998,-0.023643949930459082,0.03160635850349538
300531.SZ,优博讯,0.07981220657276977,20.7,19.927,18.624833333333335,62.66447368421053,-0.013346043851286994,0.028903386537895568
301216.SZ,万凯新材,0.07963028794880911,30.37,29.481,25.738333333333333,56.25,-0.03403307888040713,0.03455282533952279
600288.SH,大恒科技,0.0796019900497511,15.19,15.1,15.067833333333335,53.20334261838438,-0.063501849568434,0.02228366633092336
600191.SH,华资实业,0.07824591573516759,12.54,12.535499999999999,12.527666666666667,58.76623376623374,-0.06696428571428574,0.03527875538992367
603808.SH,歌力思,0.07776669990029927,10.81,10.583499999999999,10.259166666666665,61.77777777777781,-0.04841549295774639,0.027520534900125126
600800.SH,渤海化学,0.07743362831858414,4.87,4.736,4.684333333333332,59.6590909090909,-0.06525911708253357,0.03592728782923471
000408.SZ,藏格矿业,0.07739557739557745,87.7,87.0185,83.265,56.981786643538584,-0.05086580086580089,0.029732541796367692
688618.SH,三旺通信,0.07734806629834257,39.0,38.2165,34.140166666666666,48.46727423363713,-0.0968040759610931,0.059670559925122546
300400.SZ,劲拓股份,0.07727920227920237,30.25,27.151,24.177833333333336,60.12412723041117,-0.020401554404145046,0.054827042440324006
688300.SH,联瑞新材,0.07636986301369886,94.29,92.04150000000001,82.12333333333335,51.89722139229162,-0.035593740411168966,0.03972301690720923
688410.SH,山外山,0.07594128908742825,16.86,16.25,16.116833333333332,63.90532544378696,-0.052276559865092734,0.030371518727214993
300893.SZ,松原安全,0.07568807339449535,23.45,22.847,22.659333333333333,59.04522613065326,-0.038146021328958155,0.028737375593274193
300329.SZ,海伦钢琴,0.07478005865102633,14.66,14.4725,14.365499999999999,50.0,-0.05602060528010298,0.030208360132910353
600538.SH,国发股份,0.07476635514018692,6.9,6.725,6.595833333333333,60.24590163934426,-0.046961325966850806,0.02683310739579345
600320.SH,振华重工,0.07459677419354849,5.33,5.1915,5.139833333333333,60.975609756097576,-0.03616636528028936,0.029546824966035494
002579.SZ,中京电子,0.0736842105263158,13.26,12.847999999999999,12.257499999999999,55.838641188959656,-0.019230769230769214,0.030751576698741175
600642.SH,申能股份,0.0730593607305936,9.4,9.126999999999999,8.897166666666665,59.70149253731344,-0.021852237252861506,0.021710527933500444
688267.SH,中触媒,0.07263339070567976,31.16,30.401999999999997,29.665166666666664,50.16835016835017,-0.032298136645962816,0.029854732108464527
002327.SZ,富安娜,0.07246376811594213,7.4,7.158999999999999,7.0,64.95726495726497,-0.018567639257294388,0.0260297747776213
300132.SZ,青松股份,0.07074340527577938,8.93,8.8585,8.807833333333333,61.5062761506276,-0.09615384615384626,0.04550101921175039
300255.SZ,常山药业,0.06987000928505127,46.09,42.6605,42.64833333333333,54.59337349397593,-0.019361702127659502,0.05299335282420493
603239.SH,浙江仙通,0.06936416184971095,25.9,24.564999999999998,23.679666666666666,61.09134045077104,-0.024114544084400925,0.031419893283605456
603259.SH,药明康德,0.06810681068106805,106.8,104.85650000000001,98.97916666666667,49.95131450827653,-0.06724890829694326,0.04155042013461373
002142.SZ,宁波银行,0.06655574043261225,32.05,31.878500000000003,31.354499999999998,55.105973025048144,-0.05401416765053144,0.03263057924013927
603345.SH,安井食品,0.06614222130214253,103.0,98.955,92.86916666666666,64.60113960113961,-0.08444444444444445,0.05484883610694998
603198.SH,迎驾贡酒,0.06475225225225212,37.82,36.8055,36.74183333333334,59.05797101449275,-0.07485322896281806,0.043779150871312594
603193.SH,润本股份,0.06420878210439107,25.69,25.3695,23.632333333333335,59.02140672782874,-0.04070201643017176,0.033347976667480114
001286.SZ,陕西能源,0.06371191135734078,11.52,11.415000000000001,10.945166666666667,56.15384615384617,-0.0375939849624061,0.0274560471341697
002460.SZ,赣锋锂业,0.0629467084639499,84.77,84.533,74.8795,53.77030162412992,-0.07526999018217526,0.03441658567517644
603020.SH,爱普股份,0.06215722120658129,11.62,11.1555,10.919166666666666,59.66101694915253,-0.010221465076661072,0.024860113558946583
300113.SZ,顺网科技,0.061515378844711144,28.3,28.102999999999998,27.467666666666666,46.74074074074075,-0.07030223390275954,0.049198236320507786
301105.SZ,鸿铭股份,0.060822586266991996,60.87,58.719500000000004,56.44016666666666,58.94145950280672,-0.03365613589458651,0.024070623174707966
603606.SH,东方电缆,0.060147791716789856,61.69,61.595499999999994,60.7355,57.02992659514396,-0.0871559633027523,0.042841318395335996
002293.SZ,罗莱生活,0.05835806132542043,10.7,10.5655,10.287833333333333,57.77777777777776,-0.062226117440841444,0.038354564328056506
603515.SH,欧普照明,0.05810397553516822,20.76,20.2035,19.436166666666665,58.181818181818215,-0.04857928505957831,0.03418486705994792
301408.SZ,华人健康,0.057731958762886615,20.52,20.151999999999997,19.3075,48.47417840375586,-0.1097613882863341,0.06614770093269473
301130.SZ,西点药业,0.056694426649583685,32.99,31.324,31.300666666666665,62.331081081081074,-0.01492982979994028,0.0295988413455208
002946.SZ,新乳业,0.05617977528089879,18.8,18.594,18.584666666666667,59.016393442622935,-0.0632785251619332,0.03219829365373753
603127.SH,昭衍新药,0.05491803278688523,38.61,38.036,35.10183333333334,46.99453551912567,-0.057142857142857224,0.028998535215975504
003043.SZ,华亚智能,0.05394495412844025,57.44,56.0665,53.38483333333333,63.04932735426007,-0.024456521739130516,0.02131899445612372
600722.SH,金牛化工,0.05378787878787894,13.91,13.9,13.293166666666668,51.42857142857142,-0.08486842105263152,0.03321266603548078
603042.SH,华脉科技,0.053519768563163206,21.85,21.1785,20.251333333333335,52.78551532033428,-0.07258064516129022,0.05093070596798227
600012.SH,皖通高速,0.05284280936454855,15.74,15.582999999999998,15.046333333333333,50.775193798449635,-0.0325752919483712,0.028056551309108918
603291.SH,联合水务,0.05130434782608684,12.09,11.7675,11.615499999999999,56.68604651162789,-0.02025931928687196,0.02432182255200922
000792.SZ,盐湖股份,0.049655172413793025,38.05,37.928999999999995,36.631499999999996,53.969465648854964,-0.08533653846153856,0.028915128523543544
300725.SZ,药石科技,0.04851752021563338,38.9,38.769,38.337666666666664,49.71558589306027,-0.05098804586484516,0.023219084413252957
688351.SH,微电生理,0.04785894206549113,24.96,24.0235,23.302500000000002,57.06422018348623,-0.05846850245190496,0.030911420732528522
600461.SH,洪城环境,0.04643962848297223,10.14,10.005,9.9065,55.624999999999986,-0.04068117313150423,0.026251719566435426
688321.SH,微芯生物,0.04263824117255166,31.3,30.722500000000004,30.632166666666667,51.10294117647059,-0.040760036775973084,0.02478640811565891
300981.SZ,中红医疗,0.039408866995073843,14.77,14.309000000000001,13.839166666666667,63.23907455012853,-0.03966189856957095,0.03888178116884704
601997.SH,贵阳银行,0.03846153846153855,5.94,5.899,5.828833333333334,57.291666666666686,-0.06750392464678175,0.024986425229555628
002629.SZ,仁智股份,0.03592814371257491,6.92,6.586499999999999,6.567833333333334,59.41422594142261,-0.05593451568894954,0.027493605460309153
003816.SZ,中国广核,0.03539823008849563,4.68,4.553,4.2988333333333335,64.9350649350649,-0.01265822784810137,0.02045646108822189
603829.SH,洛凯股份,0.034446397188049316,29.43,28.540999999999997,27.163833333333333,57.583774250440904,-0.050645161290322586,0.027145714550584937
688091.SH,上海谊众,0.033600545795667625,60.6,55.9785,54.094166666666666,59.75750577367206,-0.02036857419980598,0.042388383569406975
300416.SZ,苏试试验,0.03240740740740744,17.84,17.7215,17.598666666666663,44.131455399061025,-0.05508474576271182,0.03625940863550393
600563.SH,法拉电子,0.03205235777815063,123.0,121.5035,119.22083333333333,49.64811260396672,-0.038235984048791936,0.028961906845977513
601939.SH,建设银行,0.030851063829787195,9.69,9.604499999999998,9.24,59.50413223140491,-0.03100000000000005,0.023494856849493997
